CREATE TABLE "TBT_MEMBER" (
   MEMBER_ID VARCHAR2(20),
   MEMBER_PWD VARCHAR2(20),
   MEMBER_NAME VARCHAR2(30),
   GRADE number(14), -- '991213-1234567'
   AREA_CODE number(20)
);

INSERT INTO "TBT_MEMBER" (MEMBER_ID, MEMBER_PWD, MEMBER_NAME, GRADE, AREA_CODE)
VALUES ('hong01', 'pass01', '홍길동', 10, 02);
INSERT INTO "TBT_MEMBER" (MEMBER_ID, MEMBER_PWD, MEMBER_NAME, GRADE, AREA_CODE)
VALUES ('leess99', 'pass02', '이순신', 10, 032);
INSERT INTO "TBT_MEMBER" (MEMBER_ID, MEMBER_PWD, MEMBER_NAME, GRADE, AREA_CODE)
VALUES ('ss50000', 'pass03', '신사임당', 30, 031);
INSERT INTO "TBT_MEMBER" (MEMBER_ID, MEMBER_PWD, MEMBER_NAME, GRADE, AREA_CODE)
VALUES ('iu93', 'pass04', '아이유', 30, 02);
INSERT INTO "TBT_MEMBER" (MEMBER_ID, MEMBER_PWD, MEMBER_NAME, GRADE, AREA_CODE)
VALUES ('pcs1324', 'pass05', '박철수', 12, 031);
INSERT INTO "TBT_MEMBER" (MEMBER_ID, MEMBER_PWD, MEMBER_NAME, GRADE, AREA_CODE)
VALUES ('you_js', 'pass06', '유재석', 10, 02);
INSERT INTO "TBT_MEMBER" (MEMBER_ID, MEMBER_PWD, MEMBER_NAME, GRADE, AREA_CODE)
VALUES ('kyh9876', 'pass07', '김영희', 20, 031);


CREATE TABLE "TBT_GRADE" (
   GRADE_CODE number(20),
   GRADE_NAME VARCHAR2(30)
);

INSERT INTO "TBT_GRADE" (GRADE_CODE, GRADE_NAME)
VALUES (10, '일반회원');
INSERT INTO "TBT_GRADE" (GRADE_CODE, GRADE_NAME)
VALUES (20, '우수회원');
INSERT INTO "TBT_GRADE" (GRADE_CODE, GRADE_NAME)
VALUES (30, '특별회원');

CREATE TABLE "TBT_AREA" (
   AREA_CODE number(20),
   AREA_NAME VARCHAR2(30)
);

INSERT INTO "TBT_AREA" (AREA_CODE, AREA_NAME)
VALUES (02, '서울');
INSERT INTO "TBT_AREA" (AREA_CODE, AREA_NAME)
VALUES (031, '경기');
INSERT INTO "TBT_AREA" (AREA_CODE, AREA_NAME)
VALUES (032, '인천');

SELECT * FROM TBT_MEMBER;
SELECT * FROM TBT_GRADE;
SELECT * FROM TBT_AREA;

SELECT A.AREA_NAME 지역명, M.MEMBER_ID 아이디,M.MEMBER_NAME 이름, G.GRADE_NAME 등급명
FROM TBT_MEMBER M
JOIN TBT_AREA A ON (A.AREA_CODE=M.AREA_CODE)
JOIN TBT_GRADE G ON (G.GRADE_CODE = M.GRADE)
WHERE A.AREA_CODE = (SELECT AREA_CODE FROM TB_MEMBER WHERE MEMBER_NAME ='김영희')
ORDER BY 이름;